5,Very user friendly and easy to keep up with accounts. My only problem is sorting out the opening balances.,2020-01-30 09:40:00
5,Simple interface. Very useful service!,2020-01-30 09:38:22
4,Straight forward to use. No issues.,2020-01-21 09:47:17
5,Excellent for Paypal based Businesses.,2020-01-09 10:01:44
5,"We operate in Iraq and UAE, running separate FreeAgent versions for each country. Handling of several currencies, managing the local VAT accounting, the ease of invoicing and the phone app are great features supporting our growing business.",2020-01-08 06:20:09
5,I&#039;m absolutely loving Freeagent. I can sync it with my bank account which makes life a whole lot easier and I can do recurring invoices. I really am so pleased.,2020-01-07 12:32:28
5,Good accounting soft,2020-01-05 11:44:07
5,So far found it very easy to use and makes financial management a breeze,2020-01-03 10:24:58
2,Really hard to use with very little reference sources available. Setting up journal entries is brutal. ,2019-12-12 19:43:34
5,Extremely simple and saves a load of time,2019-12-11 10:22:35
5,very easy to use software that has some flexibility to allow you to correct mistakes as you learn. Excellent dashboard as well.,2019-12-06 14:35:19
2,"Linking to a business account appear impossible. Annoying, especially when I&#039;ve dropped ~¬£150 on a six month subscription. Snail-paced online help.",2019-12-06 10:05:44
5,Easy to use and helpful support staff.,2019-12-02 23:03:08
5,"easy to use, easy to manage, easy to customise, and I had never done finance before. ",2019-11-27 09:46:36
5,Find FreeAgent very easy to use.,2019-11-19 14:00:20
3,"Good at what it does - but it cannot automatically import transactions from Stripe, which is a big player in the payment processing business. FreeAgent does not even seem to be able to import Stripe generated files. This leaves you having to manually enter everything. If you don&#039;t use Stripe - I&#039;m sure you will find it a 5-star experience.",2019-11-08 16:05:42
5,"Best purchase I&#039;ve ever made, saved me over ¬£1000 a year on accountant &amp; software fees, so simple to use. Helpline very useful sorted out a small problem I had in minutes. All for approx ¬£100 for the first year. Absolutely brilliant, would highly recommend to others.",2019-11-05 09:43:38
5,"Excellent, easy to use and the help service good",2019-10-28 10:48:34
3,OK but does not seem to accept pdf`s of items which is a pain when using a laptop and scanner,2019-10-28 09:15:43
4,Easy to navigate and user friendly for people like me that work in a visual industry and not number literate!,2019-10-10 08:36:14
4,"FreeAgent is great for getting your business up and running. It highlights tax milestones and calculates a lot for you. It could improve the way it works by taking the Accountancy help &amp; introduce that into the tool in a step by step process within the application. The chatbot article suggestions help 85% of the time, the 15% needs some work. It is value for money for the first two to three years but as your business grows you begin to realise you need an accountant and that&#039;s why the intro of co-pilot is interesting.",2019-10-03 11:05:24
3,"I&#039;m new to cloud accounting so have nothing to compare to. The user interface is not bad but could be more intuitive, and it would help if it was simpler to customise things, such as adding accounting categories.",2019-10-01 08:53:58
4,"Handy, intuitive app to keep track of income and expenditure. Would be good to shortcut the contacts / projects lists to favourites so not having to scroll through every time. On the website, some of the relationship between contact and project is rather clunky and takes a while to negotiate. Good summary invoicing facility.",2019-09-26 15:08:19
1,"can not import open banking with nationwide, over 3 weeks now.",2019-09-25 09:36:53
5,Time saving and intuitive to use. a great help to the less well organised like me,2019-09-19 08:54:35
5,"It‚Äôs only been a couple of months and FreeAgent has made business start up a lot simpler than it otherwise would have been. Customer support has been excellent and the app is a winner. Well done FreeAgent, keep going! üí™",2019-09-15 11:23:09
5,I understand maths and spreadsheets. I am not an accountant. This software has been so easy to set up and use. I have only had two calls to the help desk (very prompt human response) and they were about technical terms. This has taken away that quarterly nightmare. ,2019-08-29 08:52:46
1,Too expensive ,2019-08-28 22:56:10
3,"Poor question! Some aspects I would rate good or very good, some poor or very poor. What should I score it to be helpful to you?",2019-08-28 13:24:53
5,It is as good as an accountant. Simply the best in its offering. I regret why I got to know about it so late. ,2019-08-28 10:50:29
5,The accountancy and book keeping aspect of running a freelancing enterprise has been made so much easier by using FreeAgent. My experience with customer service has been outstanding and I have great confidence in the support team to help my business run efficiently.,2019-08-24 15:23:25
5,Really good guys! Really really good! I&#039;ve just clicked into the mobile app and completed my daily accounting stuff in about 2 mins. Now that&#039;s a real timesaver. Many thanks - Jeremy,2019-08-22 08:33:55
5,Really simple to set up and use. Has helped simplify managing my business processes ,2019-08-16 13:39:42
5,Great software and easy to use ,2019-08-15 08:09:15
5,I finding this app and customer service excellent so far. Very pleased. ,2019-08-08 09:35:17
3,"According to my accountant, the bank feed doesn‚Äôt seem to tally. It has cost me extra money getting it sorted and I have been advised to do my accounts using an xl spreadsheet. I am now considering my options regarding using your service. ",2019-08-08 09:10:30
5,"I&#039;m really surprised. I always relied on an accountant, but since our accountant and tax layer went bankrupt and left me high and dry I decided to take the matter in my own hands. This is the best decision I made so far. The effort I put in matches the effort I had to prepare and discuss paperwork with the accountant. And he pocketed some 2,500 - 3,000 a year. Go figure. This software is awesome!",2019-08-02 12:56:10
5,"The straight forward nature of this programme is superb. Helps me complete complex tasks easily. Great layout (apart from the fluffy animal pictures). Bank feed is awesome ... so much easier than manual updates ... saved me bags of time! Reminders to submit to HMRC would be great (PAYE, VAT etc). Overall ... excellent. Thank you.",2019-07-31 11:11:26
5,Easy to use expert help only an email away Very good system for small businesses I would only change one thing and that is I would of done it years ago Keep up the good work.,2019-07-30 10:47:16
5,Delighted so far with the simplicity of this app,2019-07-25 09:51:04
5,I really like FreeAgent because it is so professional looking and easy to use.,2019-07-18 11:49:31
5,Great product and responsive customer services,2019-07-16 08:44:01
5,"FreeAgent is easy to use, fast and an efficient to keep your business in check. I would highly recommend it to any company!",2019-07-16 08:33:26
5,I chose the right software with free agent. I procrastinated for Months did hours of research. Should of done it months ago. Thanks guys keep up the good work.,2019-07-11 10:33:21
2,"reporting is poor, cannot make your own reports and the ones that are there are poor have ran trial balances several times with different results vat is poor you cannot amend the report especially if you it is your first report in Free agent Profit &amp; loss has subtotals at the top of the numbers Help is poor ",2019-07-09 12:29:19
5,Perfect for sole traders. Easy to use and very dynamic to handle different kinds of business.,2019-07-09 10:34:03
3,"I‚Äôve been using QB self employed but a couple of small frustrations and some recommendations lead me to switch. Signed up for a year, but I‚Äôm unsure if I‚Äôll sign up next year QB allows me to simply forward my email receipts to an email address in seconds and they‚Äôre auto linked to the relevant bank transaction. Also, as a window cleaner I have loads of standing orders and QB allows you to set up a ‚Äòrule‚Äô, meaning every time the same transaction appears it‚Äôs auto categorised. Lastly, the auto bank feed on QB is instant, whereas FA seems to be lagging by a week or more unless I download a statement Given that QB was only costing me ¬£2.99 a month, I‚Äôd really expected an expensive program such as this to have these simple features that make life much quicker &amp; easier",2019-07-08 10:10:50
5,"So far it is excellent, packed with useful features and it works!",2019-07-05 13:45:03
5,"Since using FreeAgent my working life has been made easier. It keeps my accounts organised and it&#039;s so easy to see where I&#039;m at with reagrds to Billing, Vat etc...I love it!",2019-07-02 10:32:38
5,Really easy to use. Keeps me and my clients on their toes. Great software to use and knowing Natwest champion&#039;s FreeAgent makes me feel safer and lets me trust this site.,2019-07-01 08:46:12
5,Excellent service every time - any issues are solved quickly with no fuss,2019-06-27 08:41:17
4,fees are expensive for a Limited Company that has a single employee and is effectively a sole trader,2019-06-27 08:37:08
4,"Fully accounting software with batteries, perfect for Sole traders. The only thing that should be better is the template invoice customization.",2019-06-21 12:19:04
5,Great support as always,2019-06-21 02:06:20
5,Hardly ever does a company really delight - Freeagent does! We love it!,2019-06-20 09:19:19
4,"I&#039;m reasonably pleased with Free Agent - so far. The Help-line assistance is good. The Taxes section is good. The Banking section can do with some improvement (the import new transactions is slow/fails to connect, regularly). The balance column isn&#039;t accurate. I would say 6.5/10.",2019-06-18 18:11:24
5,It makes everything so easy. Wouldn&#039;t be without it! : ),2019-06-18 09:21:38
5,excellent easy to use with backup,2019-06-16 21:10:48
1,"I tried FreeAgent as it was free with my new NatWest business bank account. I found it lacked functionality and I didn&#039;t get on with it. I&#039;ve returned to using QuickBooks as it is just better in so many ways. I wanted to like FreeAgent, but found i didn&#039;t. So I cannot recommend it to anyone. Maybe you can up your game, add some features, make it more user friendly - but for now it&#039;s not for me.",2019-06-14 12:10:28
5,Very good software - automates most tasks. Would definitely recommend,2019-06-14 11:29:27
5,"In a previous life I was an expert user and support analyst for SAP. Seibel (Oracle) and Walker platforms. This is a breath of fresh air by comparison, and free of charge from Nat West. It&#039;s very good indeed, although I would like to see some enhancement for inventory and fleet management. ",2019-06-14 10:16:51
5,Comprehensive professional and very easy to use. Providing you read the instructions. Support is second to none. Runs rings round QuickBooks.,2019-06-06 10:23:43
5,"Easy to use, easy to understand",2019-06-06 08:32:17
5,Ideal for sharing cricket club finances with the other members on the committee. ,2019-06-05 15:39:20
4,Easy and good support to get online vat and automatic bank updates. Could have better sorting and filtering of transactions to enable multiple updates to items. Pricing after initial offer at ¬£290 per year for a single person company seems a bit high.,2019-06-05 09:29:15
5,"It works very well for me, as I needed a system that caters for multi currency.",2019-06-04 09:54:14
5,Wouldn&#039;t use anything else : ),2019-06-03 13:03:01
4,Easy to use and a good knowledge base to dig into. ,2019-05-31 07:05:07
5,"Ease of use, functionality and access between myself and my accountant saves so much time, simple and rich product.",2019-05-30 14:01:04
5,"Great product - Makes accounting a breeze, almost makes it fun.",2019-05-25 08:31:40
5,I love this tool and its a game changer for my business. I was keeping records on excel which was laborious and painful. Now everything is easy. I just dip in every few days to catagorise my spending as it auto-links to my Starling bank account. Its amazing. AND I UNDERSTAND MY CASH FLOW finally!,2019-05-23 17:32:48
5,Brilliant!,2019-05-21 14:59:21
5,"Not been using it for long, just coming over from a competitor on the recommendation of my accountant. Very competitively priced, very simple interface. Early days yet but looks a very good product. ",2019-05-17 13:46:02
5,Great service and good communication from Chantelle ,2019-05-16 17:40:23
5,easy to use an so far has done everything required,2019-05-16 14:53:25
5,Brilliant App. Love that it does everything. Am newly self employed so just finding my way.,2019-05-16 09:13:31
4,"I am a new user to FreeAgent and I am not very good at I.T. FreeAgent has provided good resources with videos for us visual learners, and I have been supported by a helpful adviser on the other end of the telephone line when I was not quite sure about what I was doing. Very pleased so far.",2019-05-15 10:06:15
4,"Nice simple software to use but definitely need to add a feature for proforma invoices, I need proforma invoices for my business! ",2019-05-15 08:57:54
4,"Elegant solution to nearly all my accounting needs. Just need more open banking support, as I won&#039;t use Yoddlee.",2019-05-15 08:42:48
5,"clear, easy to use, even for a farmer. I think the programme is great",2019-05-14 19:48:19
5,great and easy to use for a small business recommend ‚≠êÔ∏è‚≠êÔ∏è‚≠êÔ∏è‚≠êÔ∏è‚≠êÔ∏è,2019-05-14 08:34:27
1," i have given this another shot for a few weeks now, and while i can see how to get to where I need to be, it takes a large number of keys presses and clicking here and there just do simple things. I can get a cash in hand figure in seconds using a spreadsheet, using freeagent takes ten minutes. first I needed to set up an account called &#039;cash in hand&#039; for entering my till sales. Again this just smacks of accountant thinking rather user thinking - everything has to have a category and /or an account! ok , so to enter sales, click on &#039; banking&#039; at top, click on account &#039;cash in hand&#039;, zoom across screen to &#039;more&#039; and click on that (where the add transaction is hiding just above delete account bizarrely), click on add transaction,select a type (sales is way down this list), make sure date is set to what you want because it always defaults to today,enter till sales in amount box, enter a description &#039;till&#039;, finally click one of the create buttons. I make that six clicks and a lot of fiddling around the screen to get to the bits you need. Spreadsheet method: click cell , enter sales, done. Can you see which is easier? A similar pattern of events occurs when trying to enter invoices from suppliers. Oh and don&#039;t forget some till sales are by debit cards which seem to need yet another transaction... There does not seem to be be a way of entering invoice number with &#039;add transaction&#039;, only on the long winded method of creating an invoice. Neither method allows for a local reference number and invoice number to be added that i can see. As it stands, this program is a hundred steps behind what our simple spreadsheet can do for us, and the time it takes to enter less information over multiple screens is frankly archaic. Is it based on some account program from about 20 years ago?! I still feel that this program has been written by accountants and not business people. What we really need is a system whereby we can enter ALL the days activities on ONE screen. The system should be intelligent enough to select the categories accountants want by itself not force us businesses to do the work manually. Even export data is limited to a Microsoft format, what about csv so we can at least load it up properly in libreoffice. I do believe there is a program out there somewhere built for small businesses like ourselves. Freeagent unfortunately is not it at the moment. It is pretty much the same as the big guns like Sage, and although &#039;free&#039; through RBS, I do also have concerns that if your contract with RBS was to end, then we would have to pay just to see and use already entered data. Having used Sage and others on test in the past, they basically turn into ransomware if you refuse to pay. Sorry if this seems all negative, but I hope you find some of it constructive criticism.",2019-05-11 22:07:38
5,"Brilliant platform, works really well for me as I can log my hours and convert them straight into invoices for clients. Easy to find things on it too. On the rare occasion I&#039;ve needed support, you get straight through on the phone and they are very helpful. All in all, well worth the money. ",2019-05-08 08:36:44
5,Super easy and intuitive. As a one-person consultancy it couldn&#039;t have been easier to get started and be in control of my finances. ,2019-05-07 10:11:17
5,"Just started a month ago, very easy to use. ",2019-05-07 09:25:16
1,no clear information on how to set up and go ,2019-04-30 14:43:05
5,"Making Tax Digital is quite a daunting task, especially when you have to change from your old established spreadsheet. Free Agent only takes a couple of hours to understand and convenient to use. This app is so straight forward, I wish I had it years ago. ",2019-04-28 21:10:19
5,"Bella was very professional and efficient, can‚Äôt recommend enough. Well impressed. 5* ",2019-04-24 15:06:55
4,"Really easy to use, great help pages when you are not sure about something. Making my life much easier! ",2019-04-24 12:09:34
4,"On the whole, I am very happy with my experience so far on FreeAgent. I have had a little difficulty doing some things, but the support has been very good and very quick.",2019-04-24 10:34:17
5,"Was so scared of coming away from Excel, but using Freeagent is brilliant. All the help from Freeagent staff has been so good. I have found the system so good to navigate around. So pleased with it all.",2019-04-23 17:33:47
5,Very easy to use and with a great help system to back you up ,2019-04-17 09:10:47
5,Given my lack of financial or systems knowledge I was not looking forward to using any HMRC recommended package. However FreeAgent is intuitive and easy to use and the help service is quick and easy to understand. ,2019-04-17 08:41:13
4,Intuitive and simple to use,2019-04-16 09:07:46
5,"I&#039;m a freelancer only a couple of weeks into my experience of FreeAgent but it has all the features I need for my small business. Time tracker is one of the most important, the ability to pull transactions directly in from my bank account is another. Easy to use, intuitive and a clean uncluttered interface. It works how I work, capable of monitoring numerous projects on the go at once (I do web design, graphic design and copywriting). Obviously a lot of thought has gone into the presentation and behind-the-scenes coding. Good job!",2019-04-16 09:00:20
5,Finding it straightforward to use. The few queries that I&#039;ve had have been promptly &amp; efficiently dealt with ,2019-04-14 14:53:40
3,"Overall Free Agent is good but there are improvements to be made in the invoicing templates. There is a large gap of white paper on the invoice and some of the important information such as company details, vat no and company registration are in different places so looks messy. The project section which I thought would be really useful is not very user friendly when it comes to adding late bills and additional expenses. I haven&#039;t found the information on the help sheets very helpful on the project section.",2019-04-08 11:18:52
5,Very easy to use. Has even saved me money by finding a old invoice that wasn&#039;t paid,2019-04-05 12:54:15
5,"Amazing, so easy to use.",2019-04-05 09:13:31
5,"Spot on, easy to use, HMRC MTD compliant, we love it. Our own little accountant in a click ... ",2019-03-27 09:42:01
1,"Despite ALL the info being available: can&#039;t even tell me my future bank balance on any given data. An accounting platform which can only detect cash flow insolvency after the event??? Chocolate teapot! (of course there&#039;s a 3rd party add-on which does this, for another ¬£39 per month - but then what on Earth was the point in the first place?). ",2019-03-21 17:09:55
5,"It&#039;s comprehensive, quick and very rarely has any glitches (getting stuck).",2019-03-15 10:33:54
5,Brilliant piece of software. I honestly do not know how people could do without. This makes life so much easier and being on top of things makes invoicing (and receiving money!) so much easier. I wholeheartedly recommend FreeAgent. If I could give a six I would have done so.,2019-03-13 09:36:13
4,"It‚Äôs an excellent cloud product. Does nearly everything you‚Äôd want from an accountancy package, but the reporting is functional at best. No ability to export most reports, no report creator so answering basic questions like how many business miles have I done this year is difficult. ",2019-03-10 09:06:28
5,"I have found the Free Agent software reasonably easy to use. The most challenging aspect is not the software but understanding the accounting setup as undertaking this for a business mid accounting year, to ensure the VAT and Tax liabilities that it generates are a reflection of the actual. However, the ability to give access to accountants is effortless so this is not an issue. I am enjoying getting to grips with what it offers.",2019-03-08 10:52:11
3,I do Work for Agents So could do with Belling address and Job address might be good to put Job address in the New Projects section and on the invoice,2019-03-02 12:47:08
5,"Superb, we love it. Allows the team to be exactly what it says on the tin, Free agents to do other stuff. Slick, very easy to use, lots of features, very click and go, does as little or as much as you want it to do, works across all technologies, and a great APP. HMRC compliant for &#039;making tax digital&#039;, and takes away the VAT headaches. I have used Sage in the past, and this is way better Mr Jones. ",2019-03-01 09:51:16
4,"I find the processing a little cumbersome but if this really wasn‚Äôt written by bookkeepers it really is excellent. I had cause to use support once and they were brilliant, got right to the root of the problem and clearly knew the package inside out.",2019-02-27 22:55:36
5,"This makes my life so easy, it tracks my banks accounts, sorts my VAT and Self Assessment. I can keep tabs on my expenses and my general cash flow. Invoicing is easy and breaks it all down by customer so i always know who&#039;s paid and who hasn&#039;t. The app is pretty handy as well, a definite 5 stars",2019-02-27 01:10:07
4,Excellent system and easy to use but does not cater for businesses selling goods on the invoicing side. A basic function that QuickBooks and Xero have to convert an Invoice to a Delivery Note does not exist and all my DNs have to be done on Excel outside FreeAgent. It seems others have requested DNs for at least eight years and yet we are being told it is not a priority. How difficult is it to add this feature?,2019-02-26 08:54:47
3,FreeAgent is fairly easy to use. Is disappointing though that the tax filing doesn&#039;t work for Partnerships and we&#039;ve learned this only after creating the account under a Partnership plan. Hope they&#039;ll do that soon. :(,2019-02-24 23:05:59
5,"Simple and effective, I was up and running within an hour",2019-02-21 10:44:24
5,Am very happy with it,2019-02-20 21:16:56
1,"Can&#039;t put additional jpeg on invoices and estimates many companies are part of institutions fcb, fita, nicf, iso9001 ect these logos need to be on letter heads. Got a one line reply saying no it&#039;s not possible. Ermmmm",2019-02-15 10:01:46
5,"Very straightforward to use, great support team when needed, a real support to small businesses and accountants (like me)",2019-02-14 09:04:05
5,"As a new business the ease of use, breadth of functionality and incredible levels of customer support make using FreeAgent a joy!",2019-02-13 12:54:10
5,Speedy and helpful response. Very pleased with the outcome.,2019-02-13 10:28:02
5,"Customer support helpline was superb. Patient, knowledgeable, constructive. Thank you!",2019-02-12 21:34:30
3,"Looking for a way forward to MTD from QB Desktop - dissappointed as there are no delivery address options, nor way to print DN&#039;s. I think general inability to print will be downfall of me adopting this software.",2019-02-12 12:00:05
5,"enjoying the package, the essential elements are easily accessible &amp; clearly labelled &amp; when I need assistance, &quot;Rudy the Robot&quot;, is a valuable tool providing answers in real time",2019-02-11 18:47:20
5,"I love FreeAgent. It has made accounting and keeping track of my business finances so much easier, and more enjoyable. The layout is intuitive and the support resources are great. Whenever I&#039;ve had a question I&#039;ve easily been able to find a Help article that simply explains exactly what I&#039;m looking for. Magic! And the customer support people have been great, in the rare case that I&#039;ve needed it.",2019-02-08 09:50:31
5,"Why isn&#039;t there an &quot;Excellent&quot; button, &quot;Very Good&quot; doesn&#039;t cut it. Been a customer for 10 years, best package out there for sure. Simplifies everything, constantly evolving, what more could you ask for.",2019-02-08 09:47:44
1,"Very poor accountant package, I receive payments without raising an invoice for some items. There is no explanation how to input these items. The whole package seems obsessed with how to claim expenses. Surely invoices can both be printed as well as emailed, no option to do this without the inconvenience of forwarding invoice to yourself to then print !!!! My letterhead is on a PDF your software insisted I delete pdf and use other formats, this would render most of the documents I receive from others as invalid..USELESS Tutorials are hopelessly fast and not very clear, surely some written notes would help than some random voice who assumes you know it as well as him, examples shown were half done with no clear steps shown",2019-02-06 09:44:34
5,"Brilliant system, really easy to use and make sense to a non Accoutant. Couldn‚Äôt do without it now.",2019-02-04 12:26:25
5,"So far so good, loving the ease of the app",2019-01-26 21:03:51
4,"Excellent software that beats the pants of Quickbooks self employed. There is always room for improvement and there is one thing I prefer on QB. But the difference is that Quickbooks are NOT listening to what their customers want, whereas Freeagent does actually seem to give a damn! Support alone is the one area where Freeagent makes Quickbooks look like amateur hour. The software does more, is easier to use and if you get into difficulties-their support team cares more than the useless QB support. Forget the QB slick adverts. They just want your money then forget you.",2019-01-22 14:22:02
5,"Excellent helpdesk support, very prompt reply and very polite, speedy and helpful response. Followed up very quickly too.",2019-01-16 16:38:29
3,"The programme is easy to use and understand and well laid out The major problem I have is if you need to enter different VAT rates on the same sales invoice, you need to enter two invoices for each VAT rate. The same occurs with bills received. Reverse charge for VAT for service bills from outside EU/UK is not catered for and they have to be entered as EU services to ensure that the VAT is accounted for correctly. If these issues are addressed it would be the best package for my service company.",2019-01-16 08:58:56
5,"Brilliant system, used by our company from day one and we&#039;re now heading into our fifth year of trading. It is easy to use and great for small businesses. The accountant access is a fantastic feature and ensure that the financial side of our busy runs smoothly. The team are always there to help when we had the odd question.",2019-01-15 16:18:33
5,i love it !,2019-01-15 10:49:16
5,"Great for taking the stress out of day-to-day bookkeeping, and for automatic submission of returns.",2019-01-10 12:46:27
5,Easy to use and excellent support both online and in person thanks it makes my life much easier Alan ,2019-01-09 11:29:46
5,Excellent package has really helped me organise my finances and saved me money in reduced accountancy fees ! ,2019-01-09 09:28:19
5,Very happy with it ,2019-01-04 12:47:25
5,"first accounting software, find it very easy to use",2019-01-04 09:53:31
5,"Absolutely ideal for a small company (and/or freelancer) running on a cash basis, handles all the HMRC interactions for me - perfect!",2019-01-02 11:25:43
5,It works well.. helps us manage the business..,2018-12-29 11:33:41
2,Disappointed with the bank feed - it doesn&#039;t bring through the HSBC automatically which is time consuming and annoying to activate every week. ,2018-12-26 16:41:41
3,"Huge Negative which sways my total score - Won‚Äôt link to my hsbc business account so it‚Äôs awful at moment as I have to load my bank transactions manually. One day this will work no doubt but it‚Äôs miserable at the moment Positive - repeat invoices take seconds once setup - fab! You can record your time on the work, which is brilliant as you don‚Äôt need another time recording system But why do no accounts systems allow you to monitor and predict cash flow unless it‚Äôs a looming invoice or a repeat invoice",2018-12-19 09:44:28
1,Poor customer service with no experience of how to resolve the problem. Cannot reset password even after 3 tries and there is no help available regarding that and customer service has no idea about that. Email sent but it take ages to get a reply and apart from that there is no concept of reminder so you can easily miss Payroll and VAT. Self Assessment take ages to update and really require improvement if they want to be competitive. ,2018-12-07 10:05:24
5,"absolutely brilliant, should have purchased this software years ago!!",2018-12-07 09:43:11
5,"FreeAgent is so easy to use, looks very professional to my customers and gives me all the tools I need. Thank you!",2018-12-06 12:46:50
5,"Love it, so easy to use and comprehensive solution",2018-12-03 17:38:50
5,The service was great,2018-11-30 11:20:46
5,"We are really enjoying using FreeAgent. It has its flaws, and there are a few features we&#039;d like to have incorporated at the next release, but in general its been a very easy transition from our previous accounts and database software, and we&#039;ve got up to speed exceedingly quickly. Thank you.",2018-11-22 14:01:32
5,"FreeAgent has really got my finances under control, and is really easy to use. I love the time tracking and billing features, as I can see where I&#039;m spending my time and if my business is profitable. Being able to complete my tax return straight from FreeAgent is amazing too!",2018-11-16 12:18:27
5,"Very helpful advice that answered my queries and the people who responded were professional and friendly,",2018-11-14 22:39:01
5,Great support from the team if I dont understand any element as it is different to accounting software I have previously used. I really appreciated the patience when I have asked lots of questions :) Easy to use and navigate. Helps to manage accounts and to project,2018-11-14 09:58:10
5,"Great product. Works brilliantly and support is excellent, should you ever needed it. Can‚Äôt recommend FreeAgent highly enough. ",2018-11-10 10:29:18
5,"quick, helpful and brill",2018-11-03 15:51:51
4,"It is a good online accounting tool, but I feel it is missing a couple of things, so can&#039;t give a very good rating",2018-10-31 09:38:52
5,Amazing software that just works! The setup and support is second to none. Having such great support makes me realise I‚Äôve chosen the right accounting software - it does everything easily and quickly and if I get stuck the systems to support me are outstanding. ,2018-10-30 18:45:22
5,Superb. Let‚Äôs you always know where you stand re taxes and general finances!,2018-10-28 19:42:43
4,"Brilliant piece of software for all kinds of businesses (corporate, freelance). Monthly price is affordable, and well worth paying for the features you get access to. Looking forward to the future of FreeAgent",2018-10-26 08:35:55
5,"I&#039;m a small retailer, and picked up on FreeAgent only because NatWest offered it for free. Wow, was I lucky! Although it is not really built for retail (none of these things are) the solutions to problems I&#039;d had with other software were really quite obvious, the support was first class and I was up and running live, with six months history loaded up, in only eight days. While working full time, plus while concurrently trialling other software, plus while actually having a life. That contrasts *very* sharply with the trial I had until then been running with some geezers called Q***k**ks for about three months and with no end in sight. To be fair, I haven&#039;t always agreed with the advice offered by your support, and have sometimes done my own contrary thing. But the end result is a system that works for me and puts all the numbers in the right places. And it is all much easier than I had ever thought possible. Since then, it&#039;s taken a bit of time to tweak my regular routines to fit with Freeagent, to work out where and how to best check for errors, and I&#039;ve fallen back on using the API to deal with my six years of sales history (which I recognise isn&#039;t for everybody, but is really easy to use - happy to share code if it is of any use). But, yeah, it is more fun than any accounting system deserves to be, and definitely more fast, fun and useful than the Q***k***k* thing.. Top marks. Even topper marks if you can find a decent way of putting in historical fixed assets, which is the only bugbear I got left. Oh, and multiline bills - I only get one a month, but it irritates me!",2018-10-17 20:10:05
5,"Very intuitive software, that makes accounting fairly easy. The automatic bank feed is a great feature. Customer service is very friendly and helpful.",2018-10-16 16:47:14
3,Response helped me resolve my query but it wast the &quot;clever&quot; solution I had hoped for. More of a manual edit. ,2018-10-11 17:59:27
3,Freeagent meets our company needs at a price that works for us.,2018-10-08 05:57:50
5,"I am the treasurer of a couple of charities, one being a small choir. We use Free Agent for managing the finances of both charities and I find it clear, easy to use and versatile. I sometimes have to adapt something that is there for a business and change it slightly to accomodate our needs (monthly subscriptions, expenses for concerts we are putting on, and lots of cash instead of cheques and bank transactions) but i can usually find a way to adapt it and the support team are always very helpful indeed.",2018-09-08 15:39:44
4,"I like FreeAgent a lot. It&#039;s easy to use and most functionality is designed for a business owner rather that an accountant. The only weaknesses are i) in some of the basic &#039;error correcting&#039; functions that some alternatives provide - for example an &#039;Undo&#039; and an Audit Trail, and ii) in some more mature functions like expenses sheets. They are developing Year End reporting for HMRC and CoHse which will be a big advantage. Customer support is generally excellent. They could do with creating a few more &#039;manuals&#039; to consolidate all the information on the website.",2018-09-08 13:26:21
2,"When I started using FreeAgent I found it really great and useful, until it came time to file my taxes, then I discovered the limitations of FreeAgent. Not only was I unable to manage that from the website, but the categories they had used didn&#039;t match to the categories I was asked to fill in on the Government online tool, which made the process much longer and more painful than it needed to be. Additionally when I need to close payroll this was yet again a feature they did not support. So I am afraid it hasn&#039;t lived up to my expectations and I&#039;ll be looking for a different tool for the future.",2018-09-06 10:09:04
5,"I have spent literally years trying to find the right accounting app for me, as a freelancer. At this point, I&#039;ve used about all of them. I tried QB Freelancer in it&#039;s first year and it had far too many bugs. I used Harvest but it didn&#039;t have all the features I needed. I tried Freshbooks but it just didn&#039;t work and it lacked features. These other platforms all want to just be an expensive cog with a million addons or are just too case-specific or just plain buggy. Frustrated to the point of just using good ol&#039; excel sheets, I found FreeAgent. These guys do just about everything perfectly. It honestly is hard to express that. They had a slightly older UI when I started, but they&#039;re already working on a new one (I&#039;m in the Beta, and it&#039;s awesome). I have my invoicing, time tracking, expense tracking, and all the important stuff right in front of me. I have the usual big-options for getting paid, paypal &amp; stripe, plus banking details for check-payment on the invoice. It will automatically match bank transactions to payments where possible. You can link 1 huge payment to multiple separate invoices (and it keeps track to make sure you don&#039;t get underpaid). There is multi-user support, so I can have employees/contractors work within my business to track their working hours and manage invoicing smoothly and efficiently. I can rebill expenses, with markup to clients. There&#039;s reports, which I use all the time to get a quick glance at what the next round of invoices should look like. I can get account statuses/summaries for any delinquent clients, and it is just amazing. No other platform I&#039;ve worked with had all of these features. None of them were this affordable. And none of them were working this hard on improving their product.",2018-08-22 15:04:20
5,"I felt heard. The first person I spoke to found the specialist to solve my problem but also stayed in touch. So I didn&#039;t feel as if I was being passed around. It was a seemless, simple &amp; pleasant experience!",2018-08-16 14:01:54
5,"FreeAgent has really helped me keep track of everything. However, I would love to be able to do the following: - Upload multiple files simultaneously when attaching files to Invoices. - Ability to delete files automatically in single-use scenarios (Receipts for Invoice etc.) - Connect Expenses to my Bank Accounts - Ability to connect Expenses stated on an Invoice to my Expenses in general",2018-08-16 11:59:47
5,"This software is easy to use, even for a novice like myself. The customer service is excellent, the staff are friendly and informative. Great software and amazing customer service!",2018-08-06 11:50:54
5,Excellent software and even better customer service ,2018-08-06 09:12:14
5,Excellent online service that can not be faulted.,2018-08-01 11:45:34
5,So simple and easy to use!,2018-07-26 08:15:27
4,Really good accountancy software that enables me to run my business faultlessly. App is good however a few bits still missing. ,2018-07-25 08:34:50
5,"It works as stated, it helps me run my business.. a great program.",2018-07-23 10:20:28
4,"Great app, bit slow with feature releases",2018-07-23 09:25:52
4,"Very good system, easy to use. But limited in the current globalized world. Two examples: - You dont allow multicurrency bills, but most of our trading in international not only for clients but for providers, freelancers etc. most of them don&#039;t bill in pounds, which creates a lot of hurdles to add their bills. - Related to that, we have revolut multi-currency accounts. While their integration is super good, I cannot pay an euro bill with my euro account and settle automatically, as you don&#039;t allow it as the bill is not in euros. ",2018-07-19 08:45:25
3,"It works well, but updating or changing information on the Freeagent App is very limited...you can&#039;t even click when an Invoice has been paid... it could do with lots more basic editing features.. The biggest thing that annoys me is the 3rd Party bank feed link, which always seems to have issues and I loose accounting data periods that then have to be manually input! I&#039;m an HSBC customer....",2018-07-16 13:14:48
3,"The best thing about Freeagent is the tax return and the simple interface. The integrations and API could be a lot better to allow more automation with other apps and processes - opening this up for many more triggers and actions for tools such as Zapier would massively increase my satisfaction with the product. Also on the app, specific functionality and improvement to the UI when sending invoices would help as I am never sure if when I send an invoice in the future has sent or scheduled. I&#039;d really like to be able to link expenses and hours to invoices on the app. I&#039;d also like a better way of linking photos of receipt items that take sometimes up to 5 days to show on the bank statement Being able to forward invoices to Freeagent to be scheduled to pay would be really helpful. I&#039;d love to have more insight in projects and see how they are performing at a top level. ",2018-07-16 11:46:42
5,Makes day to day bookkeeping jobs easy. Could do with a delivery note function though which would make it 10 stars.,2018-07-16 09:21:31
5,"It just works and makes sense. The UI is a pleasure to work with and if there is something that you need advice on, support is very responsive and thoughtful. This is the 3rd business I am using FreeAgent on and everyone business partner I introduce is also seeing how FreeAgent can make their life a lot easier, especially when it comes to estimate, Project tracking, reconciling bank accounts and running payroll. Keep up the good work!",2018-07-16 08:49:36
5,So intuitive to use. Almost makes accounting exciting.,2018-07-16 08:36:13
5,Does what it says,2018-07-16 08:31:06
5,"I used to take a day off per week to do my invoices and other accounts administration. I no longer need to do this, once a job is complete, I can send an invoice in minutes. An excellent resource. ",2018-07-12 08:36:00
5,"it just works straight out of the box, then the more you use it the more features one finds, then it gets better and better ‚Äî¬†I full trust Freeagent ",2018-07-11 13:09:32
4,I would really appreciate it if you have a search function for contacts and invoices. Thank you.,2018-07-10 11:07:33
4,Easy to use,2018-07-09 10:52:35
5,I like the automatic transaction stuff within the Paypal business feed. So easy,2018-07-09 08:50:31
5,"So much better in terms of usability than QuickBooks Online. I just don&#039;t have to think too much when using FreeAgent. You&#039;re a little bit more expensive than QBO, but it&#039;s worth! ",2018-07-06 10:08:29
5,Excellent Work!!!,2018-07-02 10:38:14
5,Easy to use and does all that I need it to do,2018-06-29 08:50:52
4,"Very intuitive interface and we really like being able to link to our company bank accounts, too.",2018-06-28 14:23:17
5,The Admin side of running a business always put me off free agent makes it easy.,2018-06-28 13:55:56
4,"It makes accounts super-easy and chases invoices for me, so things get done.",2018-06-28 08:53:04
5,Once you get your head around the system it‚Äôs very good. The online assistance is also efficient. ,2018-06-28 08:49:24
5,"Customer service is brilliant, quick response time and very helpful",2018-06-28 08:21:11
5,Great Product and First Class Service - what more could you ask for :),2018-06-27 16:43:02
5,"This software is brilliant for me. I was introduced to it through my accountant when I had a Ltd Co. I no longer have this company and am again a sole trader and use FreeAgent for all my sole trader accounting records. It allows me to keep everything in order and in one place, so I know where I am at. I highly recommend it. It&#039;s very easy to use, great design and I have never encountered any issues with it.",2018-06-27 14:32:36
5,Setting up a new company was a bit daunting but Free Agent has proved invaluable. It has made it so easy to do the accounts including VAT etc. ,2018-06-27 12:32:16
4,By being intuitive ,2018-06-27 11:50:40
5,"Easy to use, access from anywhere",2018-06-27 10:06:01
5,"Good set up, problem with bank feeds from Yorkshire Bank, changing banks to barclays as not had a problem with freeagent and barclays on my previous account. 100%feedback for freeagent",2018-06-27 09:23:09
5,"Great customer service, competitively priced and software so easy to use.",2018-06-27 09:10:35
5,Easy to use and provide good reports,2018-06-27 09:08:48
4,Good value and functional solution,2018-06-27 08:45:39
5,Quicker than the way I was doing things before. Easy to follow and view all the information I need. ,2018-06-27 08:42:36
4,seems to do the job just fine,2018-06-27 08:39:15
4,It allows me to easily organise my finances. I can see what&#039;s going in and coming out. And FreeAgent also lets me send professional-looking invoices.,2018-06-27 08:36:29
5,The wonderful customer support.,2018-06-25 08:56:12
5,Takes the stress out of chasing clients for payment as well as generally making accounting simpler.,2018-06-25 08:41:10
5,"I‚Äôve been with freeagent alsmot since they started, and I have been continually impressed. They are always there to chat online or on the phone, when I‚Äôm stuck. Consequently I learned quickly and have loved the layout ever since. Plenty of pictures and colour - I tell everyone about it because it makes accounting fun. My accountant for a ltd company just gave me all my files back when she saw what I could do. And the ability to photograph receipts and log them using my phone is just dinky - makes me want to do it.",2018-06-21 19:29:48
3,"I can see that once I have grasped the basics and set this all up properly, it will be an invaluable tool to the business we run",2018-06-20 10:14:44
5,It‚Äôs brilliant for creating much needed invoices for my small business! Thanks for that! ,2018-06-20 08:45:21
2,I couldn&#039;t set up my bank,2018-06-18 13:06:41
4,"FreeAgent automates the most tedious and boring tasks that freelancers have to do. It&#039;s fast, relatively easy to use and doesn&#039;t have a very steep learning curve. FreeAgent&#039;s staff are also super-helpful, which is an incredibly important thing. I never feel left in the dark.",2018-06-17 17:42:50
3,"Automated emails is a nice feature, although customising when they are sent is not possible it still makes life that little bit easier. Bank feeds that match payments to invoices is a god send and I love how easy the invoices are to create, though they could do with having a few more customisable features. ",2018-06-16 22:27:05
4,Very intuitive and easy to use. My only criticisms would be date format and more importantly being able to add multiple lines with different accounting codes to a single bank transaction.,2018-06-14 12:07:59
5,Easy to use. Helpful staff. And available on all platforms,2018-06-13 14:47:20
5,I am not an accountant and your software is simple and easy to use and has helped me keep up to date with my bank accounts and it can be done anywhere too. I love it Thanks,2018-06-13 11:41:56
5,"I have only just started using Freeagent, and I am sure I am not yet using it to it&#039;s full potential, but it does seem really easy to use and do all the things I want it to. I do have the benefit of having an accountant check occasionally to see if I am doing everything okay and they are more than impressed. I am sure once I am confident with it, it will save me lots of time and money",2018-06-13 11:31:01
5,It makes keeping our accounts up to date very easy and helps keep track of creditors and expenses,2018-06-13 11:09:42
4,Easy system to work with and understand.,2018-06-13 10:09:53
5,Very helpful on line service. I showed the package to my accountant and she was impressed too Jane,2018-06-13 09:57:09
5,"It has been very easy to get setup, add accounts and create invoices. ",2018-06-13 09:48:37
4,"works well for us a company but really need to be able to see where we spend our money on a month to month basis, this option is available to see who spends with you but not to who you spend with ",2018-06-13 09:29:17
5,"Very easy to use, very good for someone like me who is not business-minded, makes life very easy!",2018-06-13 09:25:04
5,Very easy to use.,2018-06-13 09:10:24
5,"Ease to use, like the integrations and file uploads",2018-06-13 09:09:13
5,"FreeAgent allows me to run my business efficiently, to keep an accurate record of all my transactions including payments in Euros through Revolut and to complete all of my returns with HMRC. Brilliant!",2018-06-13 08:59:56
5,Easy to use system and A* support service.,2018-06-13 08:59:47
5,"Good interface, works well with multiple currencies",2018-06-13 08:58:43
2,"Its ok, better than a spread sheet but most likely will move to a different system as is it hard to understand why certain figures appear and how to change them and the support cannot help. Will likely to move to sage as colleague has used them and said the support really could guide them. For example you know you want to put value x in box 6 of the VAT return. You talk to your accountant they say just put x in the box, but freeagent (FA) is not showing that value as you are doing a correction and neither the accountant nor FA support is able to help. FA Support says we cannot tell you ask an accountant, the accountant says I have no idea how to do that in FA and we are using an accountant that is a partner with FA. ",2018-06-13 08:54:12
4,"Easy to keep up to date with invoicing, expenses etc.",2018-06-13 08:48:49
5,FreeAgent has helped me to be better organised with invoicing and keeping my financial records under control. It&#039;s system just seems to work straight away. It has allowed me to adapt my workflow as I learn more about the FreeAgent set up and make changes that save me time and energy. I&#039;ve only dealt with support once when I first started as I was adding in a lot of previous information and the support was excellent. They suggested a different way of adding the info that just made it so much easier. I&#039;m really happy with FreeAgent and wish I had started using it much earlier.,2018-06-13 08:47:14
5,"Love your service! However could you please at the metric of being able to track the profitability per hour of each project. You already have the invoice totals and the hours tracked. This would save me putting it into a numbers doc and calculating it myself. Keep up the good work, looking forward to the new beta!",2018-06-13 08:46:11
5,"great customer service, good ux",2018-06-13 08:45:35
5,It simplifies my day to day updates and removes the burden of having to provide separate reports to the accountants periodically - it&#039;s all there for them to access. The ability for the accountants and myself to work collaboratively speeds up anomalies and improves the information available.,2018-06-13 08:41:40
5,I am still a novice. So far I have used the bank statement integration to explain transactions but now need to learn how to input cash transactions and reconcile it all so it balances ! I will let you know how I get on with this.........,2018-06-13 08:41:28
4,Its just so so easy to use in the office and on the go,2018-06-13 08:35:42
5,"Makes day to day accounting easy plus time tracking features, while they could use some improvements, let me be accountable to my clients and see how my time is spent on a project",2018-06-13 08:32:24
5,The onboarding was simple and intuitive. I can&#039;t believe I haven&#039;t moved to FreeAgent sooner!,2018-06-13 08:31:52
4,its just great,2018-06-07 12:16:08
5,I have been using Freeagent for 3 years now and think it is a ideal tool for a contractor starting out who wants to manage their own books. I found Xero and Sage to confusing when starting out on my own. ,2018-06-04 23:48:55
5,"Made a mess of trying to correct a problem of my making on my account. Having tried to correct the error I made the situation worse and my account was totally messed up. After contacting support, Gary Shand gave me a list of operations to perform and this put all my problems with the account right. Many Thanks Gary. Regards Nigel Harrison",2018-03-06 19:22:42
5,Excellent software with a really good support team who respond to queries very promptly.,2018-03-03 12:25:00
5,Providing excellent services.,2018-03-02 12:06:06
1,"I am an accountant for a client who uses FreeAgent. I am unbelievably appalled that I cannot add new balance sheet accounts or accounts with a numbers greater than 399 (I think it was). Additionally the nomenclature is peculiar. Categories for the word accounts. for instance. What &#039;s wrong with the word account. Navigating around the site I have found/find that nothing is very obvious/clear.. Although I know they have very many clients I would absolutely NEVER EVER recommend this programme to anyone. I know that sounds harsh but you stated that you want to know how I feel, so I&#039;ve told you. Additionally the lack of telephone support is, in my view, inexcusable. Some of us out here like to actually speak to a person rather than endless emails. Emails are so impersonal. I am tempted to say &quot;I hope this helps&quot; but I fear it will just be dismissed. Such is life. Please feel free to telephone me on 01785 819677.",2018-03-01 16:47:28
5,"Great service, extremely helpful ü§ó",2018-01-30 18:47:25
5,"Having spent a number of years contracting and doing my books with accountants using manual systems, I am very impressed by how much easier FreeAgent is to use, and now have no problem keeping all my books regularly up to date. Very impressive.",2018-01-29 19:14:41
2,"Been using for 1 year, at it&#039;s core it works and provides a nice alternative to keeping your data in a spreadsheet and the online integration with self assessment is nice; but there are 3 huge flaws I am struggling to get over and looking to alternatives. 1) No ability to download or export your invoices OR expenses. This is criminal, it&#039;s sensible to have an offline copy of these vital documents (even FreeAgent agrees) but there is no way to do this. All the invoicing &amp; cloud accounting packages I have tested have this basic ability but FreeAgent is the only one who can&#039;t (and won&#039;t) add this feature despite it being requested on the support forums since 2012 *see note 3. 2) Design. The branding and the invoicing are not very nice. Send a client an invoice with online payment and you get a massive &quot;JOIN FREEAGENT&quot; logo plastered all over it, which is a bit unprofessional and I have had raised eyebrows. Worse still, many things have their mascot - a cartoon cat in a suit and tie - everywhere. 3) Feels like development stopped 5 years ago. If you read the support forums there are many basic features people have asked for and it&#039;s apparent that people have been asking for the same things since 2012 and nothing ever seem to get done. On the positive side: 1) Easy to use, the app works well for creating expenses on the fly 2) Integrates with Stripe / Paypal / Bank&#039;s well 3) Provides a few more tools than invoicing services like FreshBooks 4) Very good customer support. 5) UK based, so better geared for UK tax system.",2018-01-29 14:32:09
5,Just does what it needs to do,2018-01-29 11:03:30
5,"To start with, the software is clear and straight forward. Of course, there is a learning curve as with any new programme but it went smoothly for me. Secondly, the staff at FreeAgent are excellent, wether it&#039;s the receptionist on the end of the phone or an advisor - they are friendly, polite and really know their stuff. I&#039;m in my fifth month and have spoken to several advisors multiple times to the point where some of them now know me (!) and they always guide me to a solution and are endlessly patient with my idiotic questions! They are busy people and occasionally the receptionist will arrange for an advisor to call back but it&#039;s always very prompt and they make themselves available as soon as possible.",2018-01-25 11:29:50
5,"FreeAgent is marvellous and I REALLY regret not going though with signing up last year -- or the year before -- OR the year before that! I&#039;ve trialled it and a couple of other similar services over the past few years, always right around the time I do my self-assessment tax return. Then, every year, right after I&#039;ve filed my return at the eleventh hour using calculations I&#039;ve made during an all-day-and-nighter with a spreadsheet, I&#039;ve gone back to doing nothing. After evaluating (again!) the same three services this year, I&#039;ve taken the plunge with FreeAgent and I&#039;m already almost ready for April! Not only that, I&#039;ve discovered that I&#039;ve almost certainly overpaid my taxes in previous years, due to horribly incomplete accounting of my outgoings. Never again, thanks to FreeAgent. Best business decision I&#039;ve made in years!",2018-01-24 17:23:20
5,The software is very functional and user friendly The help section is very well done and found the answer to my questions quickly,2017-12-10 18:10:38
5,"FreeAgent is the right mix of user friendly and sophisticated. We are hugely impressed. We have been using it for three years now, and have used both the UK and the Global versions. The UK one has more functions, but even the Global one is perfectly adequate for a small ‚Äì but global and data driven ‚Äì¬†business.",2017-12-08 21:16:37
5,"We looked at pretty much all the online accounting packages before choosing FreeAgent...and I am really glad we did. The software just works - I run a company providing voiceover services worldwide (piersgibbon.com). Most importantly FreeAgent have real accountants on the end of the helpline to sort out your issues. I have gone from paying a bookkeeper every painful VAT quarter...to doing it all myself. Excellent product, excellent company.",2017-12-07 16:07:55
5,It is easy to use. ,2017-12-05 10:31:16
5,"Without question the best decision I made for my business. Makes accounting enjoyable! Easy to use, a pleasure to use in fact, plus wonderful support. For anyone who asks my advice about what they need to do when starting a small business, my first response is to use FreeAgent!",2017-11-17 13:10:22
3,I would like the webinars to be longer. Not enough on banking and reconciling the bank,2017-11-16 09:08:44
5,"FreeAgent is a good program to work with, but has some failings.I think FreeAgent is very good on helpline, and always try to achieve a resolution to the issue. I think the program could be great with some minor improvements that the company are aware of but don‚Äôt seem to be in great hurry to implement.",2017-11-15 16:48:44
5,"FreeAgent simplifies sending out invoices, keeping track of work, expenses, and which invoices have been paid or need chasing. Support is prompt and clear - vital to a novice with no accountancy training!",2017-11-15 15:01:44
3,prompt service,2017-11-01 17:47:47
5,"The software is excellent and so easy to use and the support is the best I&#039;ve seen, cant ask for more really. Highly Recommended",2017-10-31 20:04:19
4,"Free Agent has made my business run so much more efficient. It also means I no longer have to save shoe boxes for my reciets! Love how it manages invoices and scans you‚Äôre bank account and updates. One down side to Free Agent is the customer care. 9/10 times when I ring for support, I get put through to reception and get promised call backs. Most times they call back in the same day, once or twice they haven‚Äôt. The annoying this that they‚Äôve called me back later in the day when I haven‚Äôt been sat at my computer. They need more staff. ",2017-10-29 18:07:44
5,As an Accountant FreeAgent is easy to use for both us and our clients. The Support is superb and there is little that can&#039;t be sorted out. ,2017-10-23 11:27:46
5,I&#039;m new to FreeAgent but so far everything is good and the support has been exceptional. I would definitely recommend FreeAgent.,2017-10-20 14:12:19
4,"Great for service oriented sole trader/small business. Its great for‚Ä¶ Tracking projects &amp; project profitability. Invoicing is really neat and well implemented. Banking has live bank feeds keeping things always up to date. No reconciliation as such, just ‚Äúexplain‚Äù transactions I.e. assign to expense category and job etc as they appear . VAT, Corporation tax and self assessment fully implemented and linked to government gateway account. Very easy tracking of out of pocket expenses &amp; mileage. Uploading expense receipts on the move via smart phone app and camera. No more paper receipts! Attach PDFs to expenses. Upload business documents. Store insurance certificates, Public Liability, VAT certificate etc. Multi currency. RTI payroll upload to HMRC. Useful dashboard showing unpaid invoices, cashflow and a quick P&amp;L balance sheet position. Support from FreeAgent is quick and mostly very helpful. Terrible for‚Ä¶ Producing reports beyond clunky P&amp;L, Balance sheet &amp; Trial Balance. No expense reports, sales report, customer sales, user customisable report or data query. No business analysis tools. User data input can be confusing as FreeAgent pre-fills most form fields with last entered Data (presumably they think this is helpful for users entering repetitive data). Can lead to clumsy and inaccurate data entry if your jobs, invoices and expenses aren‚Äôt all repetitions. (Wish they‚Äôd just leave it all blank). ",2017-10-04 14:43:43
4,Good software allowing us to keep records and reduce our admin time. Also the customer service is incredibly fast.,2017-10-02 14:19:34
5,They sorted out all my problems with ease and so happy to help,2017-09-26 18:49:08
5,best product in the market,2017-09-24 18:20:43
1,"very unorganized, very unprofessional, untrained staff. Schedule a call but never call or pickup. Double charging of fees and never apologize. Always try to get away with their enormous mistakes. Searching my options to leave them now.",2017-09-21 11:58:14
5,"I&#039;ve used Freeagent for over a year and the majority of things I want to do are intuitive. When I have needed to contact the Support team, they&#039;ve been quick to respond and have been really helpful with useful info. The mobile app lets me do most things I want to do while on the move - great app.",2017-09-10 19:26:39
5,"It&#039;s so easy to use! I spend less than five minutes a day on my accounts. Just one button to click add a new time slip. Then at the end of the month, the time slips pulls through to an invoice. I know exactly where my accounts are at, which makes life easy for my accountant.",2017-09-01 12:36:34
5,It is so easy to use and makes record keeping and VAT returns a doddle.,2017-08-24 15:05:04
5,The support office always responds promptly to any queries with a full explanation.,2017-08-11 09:15:00
5,I have found Freeagent first class and is very easy to use. Other programs I have tried are not not quite as good as Freeagent.,2017-08-03 15:20:16
5,"First off FreeAgent is a brilliant tool. What makes it really stand out, though, is the support. Personable, knowledgeable, human support to help with complicated accounting questions at such quick response times is what makes FreeAgent so much more than just a web app. I can&#039;t speak highly enough of the experience I&#039;ve had using FreeAgent. I would recommend it to anyone looking to manage their own business finances.",2017-07-12 09:43:32
5,"I have used many other accounting packages and Freeagent is by far the easiest to use. The customer services is also very reliable, i would definitely recommend this to every business i know!",2017-07-11 11:54:22
5,"I love FreeAgent. Subscribing was one of the best decisions we made at the start of the business - and it has improved immensely over the last six years. Good graphical design for visual thinkers, intuitive layouts, simple definitions that real people can understand. We love knowing how the business finances look in real time. (Took us a while to educate accountants on this new way of working!) I have recommended this to many, many smart folk who are setting up businesses. ",2017-07-07 16:54:06
5,"A real game changer for me as a contractor, I use this with my accountant and I must save weeks in admin time through the year.",2017-07-04 10:18:37
5,"Males my life so easy, my accounting is the least of my worries with Free agent. It&#039;s easy and save a whole lot of time and money",2017-06-19 15:16:57
5,Resolved issues swiftly and accurately ,2017-06-15 10:11:45
5,"Handy software very easy to use, much easier to keep tabs of compared to my old excel sheet.",2017-06-13 15:11:05
5,"The product itself is amazing, but the App is also great and the customer service is fantastic! The website is full of resources and help too. It&#039;s transformed my day to day business.",2017-06-06 09:21:09
2,"no billing capabillity in app, to be able to input bills and take a photo record from phone would be great. you can do it for expenses why not bills?",2017-06-06 08:15:26
5,Brilliant support team - I feel a lot more confident in my business finances with this than when I relied solely on my accountant.,2017-05-29 10:26:22
4,I&#039;ve used Freeagent for a few years now and love it. It has saved me a lot of admin time and enables me to easily track my time and expenses and produce professional esimayes and invoices with minimal effort. Just needs integration with a decent reporting and dashboarding tool like PowerBI for the film five stars.,2017-05-28 17:08:10
2,remove access when you have paid for 3 weeks,2017-05-27 14:39:04
5,Turned my business around,2017-05-25 18:29:22
5,"FreeAgent is the tool that lets us be successful as a small startup without havng to employ expensive accountants. We can run our business in real time, mobile and remote and for busy consultants, it allows us to put more of our time into revenue generation rather than admin.",2017-05-10 14:46:07
5,I feel more in control of my accounts ,2017-05-09 13:32:43
5,"FreeAgent as a product does everything I need it to as a small business owner. My team have access and all time is recorded and billed from the system. It&#039;s links with my bank account and go cardless save me time and effort and significantly improve my cash flow. The support from the team is first class. They are responsive, highly knowledgeable and when an issue needs escalating to technical, the support team maintain control of the issue and provide regular feedback until the issue is resolved. I am dealing with real people who have been with the business a long time and therefore although I am sure I am one of many, I feel that I have a good relationship with the helpdesk staff. Whether by email or phone, they are always willing and able to help. There is always room for improvement, and my only request would be improved reporting functionality, but then I am being picky in order to provide balance. Would and do recommend to family and friends, colleagues and clients.",2017-05-02 21:16:24
3,FreeAgent is easy to use but I need it to provide cash basis accounting and make it easier to work with my bank account to be great,2017-05-02 08:10:49
5,"Super responsive support team - very useful software which let&#039;s me keep on top of my business finances and feel like I have everything in control. Tax timeline is great. Invoices could be more customisable, but in general they are great and the automatic chasing is very handy.",2017-05-01 15:51:10
5,"Excellent customer support - very quick to respond to a fairly complicated query about how to best reflect a membership scheme in our accounts, and also sorted out a billing mistake (on my part) within 10 mins!",2017-04-30 14:43:47
5,"The software is powerful and easy to use, and takes away a lot of administration pain. FreeAgent support is very helpful and responsive even late or on weekends, and have helped me out many times.",2017-04-29 10:48:11
4,Automates and consolidates a lot of accouting chores. Has a few flaws in terms of integration between functionality. Example being Expenses against actual account in the ledger. Still highly recommend.,2017-04-29 09:00:42
5,"Functionality is obviously the main driver to happiness with a service. FreeAgent has that in spades. The only area I find deficient is the minutes and certificates for dividends - it&#039;s functional but not great. Everything else is perfect: VAT, invoicing, bills and expenses, bank reconciliation, and reporting. But the icing on the cake is the excellent support. I&#039;ve made a couple of data entry errors, and thought I&#039;d drop a note to FreeAgent support line, not really expecting a response. This was at 18:30 in the evening, yet I received a response within 15 minutes with an explanation of how to resolve my problem. Fantastic!",2017-04-28 14:17:37
5,Incredible Staff,2017-04-27 13:07:07
5,It just makes running a business easier,2017-04-27 07:57:36
5,Yep does what it says on the tin. Worth the money.,2017-04-27 07:53:14
5,"So easy to use, unbelievably helpful support - can&#039;t believe it took me 4 years of freelancing before I finally took the plunge! Thank you freeAgent",2017-04-26 20:52:02
5,"Easy to set up, easy to use, great mobile app, huge time saver - what&#039;s not to like?",2017-04-26 18:11:53
5,Simple and intuitive but very sophisticated under the covers ! Highly recommended. ,2017-04-26 17:12:33
5,"I&#039;m very new to running my own business and used FreeAgent after it was recommended (by several people). It has made running the accounting side of things a breeze. I&#039;ve used it to invoice people, connect to my bank account, and I&#039;ve also used the time tracking function for certain projects. I&#039;ve set it up to do my first self-assessment, and even though I haven&#039;t done it yet, I&#039;m sure it will be very straight forward thanks to how easy FreeAgent is to use. Using FreeAgent means I don&#039;t have to worry about that side of things and can concentrate on doing some actual work.",2017-04-26 13:12:22
5,"I find the software simple to use, allows me to keep track of my work and invoicing. Runs my payroll and tax requirements. A fair investment of time and money.",2017-04-26 12:38:07
5,"As a freelancer, admin and accounting are a real drain on my time, but switching to FreeAgent has made my life so much easier. I was using spreadsheets and separate apps for time tracking and invoicing, but now I have everything in one place. I love the automatic bank imports, and the live metrics on the dashboard. ",2017-04-26 10:27:57
4,Easy way to send invoices and keep track of expenses,2017-04-26 09:22:31
4,ONCE YOU HAVE YOUR WAY AROUND ITS EASY TO NAVIGATE GOOD CLEAR MENUS NICE PRESENTATION. I HAVE ONLY STARTED USING FREEAGENT THIS WEEK AS I HAVE AN ACCOUNTANT BUT I THOUGHT I WOULD TRY RUN IT ALONGSIDE. I AM GENERALLY VERY HAPPY WITH THE SOFTWARE NO GLICHES AT ALL. I WOULD LIKE TO SEE AN EXTRA COLUMN ON THE BANKING ACCOUNT PAGE THAT IS A RUNNING BALANCE. ALSO WOULD LIKE TO SEE A PRINT PAGE BUTTON I AM AWARE OF THE REPORTS PAGE BUT SOMETIMES I LIKE TO PRINT OFF VARIOUS SECTIONS. OTHERWISE 9.50OUT OF 10 WHICH IS EXCELENT AS I AM NOW GOING TO SWITCH FROM MS MONEY TO FREEAGENT FOR MY PERSONAL BANK ACCOUNTS. SO I HAVE ALL MY FINANCES IN ONE PLACE BUT SEPERATED FROM MY BUSNESS ACCOUNT THANK YOU MIK TAYLOR,2017-04-26 09:02:04
5,"Free agent has generally made everything more streamlined and easier to keep track of, I think for the invoicing option it is worth the monthly subscription alone ",2017-04-26 07:19:11
5,"FreeAgent is a good system for tracking my company finances. Its easy to use, configurable, and has a great support team who are quick to respond.",2017-04-25 22:31:17
3,Easier than Excel. It would be nice if they took user comments on board. i am considering migrating to Xero which is integrated with WooCommerce.,2017-04-25 20:23:24
1,"The tool doesn¬¥t have any search or order columns in any of its views ( bank statments, expenses, invoices ). That is a very basic capability. Also, The system doesn¬¥t have any id for expenses. This means that when you update an expense this expense doesn¬¥t have allocated an id, therefore when you download your data, it doesn¬¥t have any order, and all your pictures of them have the same name. Finally, Freeagent doesn¬¥t allow to dowload your own data. Only a CSV summary of each main page. If you work with different currencies, only shows a gross numbers, it doesn¬¥t have the same order that in the web view, not all columns are included. You need to enter all by yourself in order to have a back for your accountant or you need to pay extra money to other services in order to back up your own data. I don¬¥t recommend this tool, if you eventually want to use your data for HMRC, don¬¥t rely on it. I am thinking moving to Xero, after a year with FreeAgent. I am tired of the lack of basic tools. I think it would be ok if it is free but if you have to pay 29 GBP monthly use Excel. ",2017-04-25 17:56:15
5,Easy to operate ! ,2017-04-25 17:53:03
5,I love the simplicity of the whole product all backed up with an effecient email facility and a great range of informative help products.,2017-04-25 17:19:17
3,"Having trailed 5 other major online accounting services I can say FreeAgnet is very well thoughtout and easy to use. The ability to bill by a flat day rate and calculate hourly billing with rounding precision sets this product apart from its competitors, hence the draw for the freelancing and consulting community. Freeagent is however one of the most expensive products to own, especially factoring in the need to pay separately to use bulk upload features. I know for me, the price will ultimately drive me into the arms of a competitor when day rate billing is added. In summary, great product, too expensive. ",2017-04-25 16:38:18
5,It&#039;s so pretty. I love the illustrations in the comms. Easy to use. Makes my life far easier. ,2017-04-25 16:35:55
3,"Interesting that you only ask what made us happy. Here are a few things that I think would improve the software: 1. A way of dealing with CIS TAX. 2. The ability to sort invoices/projects/etc into ALPHABETICAL order. 3. More freedom to customise the layout of invoices, etc. (Without needing a coding degree!) E.g. Move information about the page, make certain fields more prominent. For example, I would like to see my projects more prominently positioned on the page, the ability to write notes in BOLD (instead of faded grey) ",2017-04-25 16:31:45
3,I like the way invoices are ordered and I&#039;m able to keep them in one place. I also like that the figures are automatically put into P&amp;L accoubts,2017-04-25 16:19:55
5,"Simple interface, doesn&#039;t use accountancy jargon!",2017-04-25 15:33:49
5,"You save me money and time whilst giving me full visibility on my business. The help in the setup process was great - very knowledgeable assistants who, on the rare occasion they were unable to answer my question immediately committed to get back to me - and actually did get back to me, with an answer.",2017-04-25 14:50:10
5,"Does everything I need - Invoices, chases payments, Self assessment and VAT Returns - absolutely delighted",2017-04-25 14:39:40
5,"Great for sole traders. My favourite tools are the time tracking tool and how easy it is to reconcile expenses and sales with my bank account. I do not know how it works with other similar apps but FreeAgent allows me to specify that it is a personal bank account and I do not have to explain personal and unrelated transactions. I am also happy that I can fill related self-assessment information before hand. Makes everything easy for my accountant and helped reduce her work (and her fees, as a result).",2017-04-25 14:31:43
5,"FreeAgent makes it simple for me to manage the everyday runnings of my business. Allowing me to store client details, manage jobs and invoices, analyse accounts, and manage my bookkeeping quickly. Both me as the business owner, and my accountant have a way to minimise the time spent on running my business allowing me to get on with the hard work!",2017-04-25 14:18:20
5,Very easy to use software,2017-04-25 14:10:04
2," Great invoicing tool. However I have tried numerous times (gave up in the end) to get guidance and help in understanding the management of my outgoings. I&#039;m not sure whether I couldn&#039;t grasp it, or the helpline team didn&#039;t have the patience for me. I noticed in an online forum a question being asked about tutorials. I would have paid to attend one, however the reply was &#039;They are not available&#039;. ",2017-04-25 13:57:31
5,"Easy to use, good customer service, everything in one place, no more spreadsheets to accountant!",2017-04-25 13:47:50
5,It makes looking after your books extremely easy.,2017-04-25 13:44:28
5,"The quality of support that FreeAgent offers is second to none. As well as fantastic official support, there is also an active community that can offer help and tips. The pricing is superb and the features to match. For Sole Traders or Freelancers, it is easily the go-to solution.",2017-04-25 13:35:39
5,Because it&#039;s awesome!,2017-04-25 13:33:19
5,"Just taking the stress away from running everyday accounting makes me happy. I moved from QuickBooks and couldn&#039;t be more pleased (import of old client invoices would be nice though). I have also used Xero for a different business. I love the reconciliation, the dashboard and the dividend forecast and vouchers. The tax time line is very nice and they really thing about real people running a business instead of accountants. Minor things that can be improved but by far the best out there. ",2017-04-25 13:17:58
5,It&#039;s made invoicing so much quicker and easier. It&#039;s also good to see all my bank account activity in the same place so I don&#039;t have to keep loads of different spreadsheets myself,2017-04-25 13:17:54
5,My business wouldn&#039;t be where it is today without this software. Keeps me on top of my finances at a glance and lets me submit my VAT return with one click. I find it very easy to use.,2017-04-25 13:15:52
4,Simple easy to use interface that meets pretty much all of my accounting needs day to day. Pensions integration could do with some work though.,2017-04-25 13:15:37
5,Easy to use ,2017-04-25 13:15:23
4,"Managing my self-employed state through them is really helpful, saves me from relying so heavily on an accountant and gives me a better insight into my how my business is doing. Every time I&#039;ve used their customer service they&#039;ve been very helpful!",2017-04-25 13:13:53
4,Simple interface deals with most of my day to day accounting requirements - apart from pension integration which could do with some work.,2017-04-25 13:13:36
4,Super easy to use and very convenient,2017-04-25 13:13:13
5,"Superb platform with all the features you need and a clear, easy-to-use interface. I actually look forward to doing my accounts now. ",2017-04-25 13:11:36
4,Relatively easy to use Easy invoicing ,2017-04-25 13:09:19
5,I&#039;ve used a few competitor book keeping products before in the past and I find FreeAgent to be the most user-friendly system out there. It&#039;s easy to do day to day tasks such as adding timesheets and expenses. Generating a tax return and VAT returns were simple processes too. I&#039;d recommend FreeAgent to anyone working as a freelancer or contractor!,2017-04-25 13:08:46
5,"Excellent support, breadth of functionality and features!",2017-04-25 12:56:52
4,Has been phenomenal for helping me set up my business...but it&#039;s not great now we&#039;re reaching 15-20 employees. Would highly recommend for freelancers or micro businesses.,2016-11-30 16:54:25
5,First of all starting a new company I was worried about keeping all the accounts upto date and dealing with tax. FreeAgent has made things so simple. I actually enjoy the last 20 minutes of my day inputting the data and seeing exactly where I&#039;m at. Anyone thinking about joining this code gets you 10% off 45sizv3u worked for me so saves you bit whilst your getting started. Good Luck ,2016-08-30 08:04:36
5,"Great value, the recurring invoices themselves more than pay for the monthly cost. Customer service is also great with fast responses and clear instructions to solve problems.",2016-05-03 10:36:46
5,I really like the fact that is linked to HMRC and how easy it is to take a picture of the receipt and download it to justify each expense. Free Agent is easy to use and just love it.,2016-04-28 22:56:28
5,Straightforward on-line accounts package with excellent reconciliation facilities and banking uploads without using a third party. Good telephone support and the ability to download ALL data as an excel spreadsheet a big plus,2016-04-26 17:40:09
5,"Love Freeagent. All my business finances in one place - easy invoicing and follow up, at-a-glance overview of income and outgoings, expenses easily tracked and receipts uploaded and lots more. No longer have to search in a paper file to check whether I&#039;ve sent an invoice or not and check whether laid or not. All this and great response from support team when I have a query I haven&#039;t been able to work out. Couldn&#039;t possibly do without Freeagent! ",2016-04-26 15:16:33
5,This is an excellent product,2016-04-26 13:00:21
5,Great product,2016-04-21 11:16:20
5,Excellent support!,2016-04-06 11:14:47
5,"As a seasoned Sage user it took me a little while to appreciate the differences in FreeAgent BUT I would never ever go back to Sage now. FreeAgent is smart, it learns and each month I have to do less and less. Just incredible. Clients love it too. Filing my tax return on 31st Jan took just moments (compare that to a friend who logged on to HMRC and spent the whole morning trying to submit hers.) I didn&#039;t expect to be so impressed - things so often disappoint but FreeAgent has been everything I hoped it might be, and more. Highly recommended.",2014-02-26 12:48:48
5,I have found the support provided by FreeAgent both during the 30 day trial as well as our set up has been excellent. All responses have been quick and have provided helpful and concise advice. I can&#039;t fault the support received so far so thank you! ,2014-02-25 13:51:46
5,"Really good, makes running the finances so much easier, I used customer support to ask questions for my partners account and that was excellent",2014-02-23 16:50:58
5,So far so good!,2014-02-23 11:04:32
5,Very easy to use and links exactly with what we need. Altogether. ,2014-02-22 11:14:19
5,So far so good - easy to use!,2014-02-22 07:31:30
4,Overall I think it is a good platform which has very good customer service. Very good for issuing invoices and tracking payments directly through my banking account. I think the pathway from contact to project to invoice could be a little clearer but otherwise it seems that it is constantly evolving which is good. At the moment it is ¬£16.20 a month for me which I think is a little bit steep for the self-employed but at the moment it is something I&#039;m willing to pay to keep track of my clients payments and give me a tax estimate at a glance.,2014-02-21 15:17:16
5,"I wish I had know about you long before I did! You have made my Book Keeping so easy and linking it in to my HMRC Tax Return is bliss. Bye bye cluncky spreadsheets, manual calculations and figuring out which category an expense goes into. Thank you again for such an easy to use online system. Claire",2014-02-20 12:25:39
5,"I still haven&#039;t explored all the features of Free Agent because I am new to small business. However, most things I really like. Two things I would like: 1. A good iPhone app - Mainly to enter expenses on the go, but also to get an overview of things. 2. I find the fact that I have to create a task first for time tracking a bit clunky as I sometimes just want to hit &quot;Go&quot; and assign to a task later. Unless I am missing something. All in all though, I really like it.",2014-02-20 12:20:37
5,"Love it, it does everything I want it to do apart from let me raise Purchase Orders. ",2014-02-20 11:52:51
5,"I run a one person service business and decided to reduce my accountant&#039;s fees and gain more control by automating and doing more myself. I chose FreeAgent because its also being used by a start up I am involved with. Thus far I have been very impressed. It seems to do everything I need in a simple and understandable way. However, the real gem, is ion the support team. I inevitably have had a few queries on how to do things and their response has been absolutely brilliant. Very fast and helpful. It makes a real change t deal with a Company that seems to understand customer service and support. Highly recommended :-) ",2014-02-20 10:58:33
5,"I&#039;ve recently migrated from Fresh Books (FB) - which was a very good service but was not aimed at providing accountancy functionality, which is where I was spending far too much time (book keeping, producing annual returns, etc). So, from that perspective, Free Agent (FA) looks like it&#039;s going to save me a heap of time - the importing &amp; reconciling bank statements/transactions has already saved me lots of time. Where FA could be improved (in comparison with FB) is as follows: 1) setting up universal Tasks. It&#039;s annoying having to assign the identical task to each project. We offer similar services (SEO, hosting, domain names, etc) to all our clients, yet we seem to have to re-enter the same tasks for each new project. FB offered these as a global dropdown that could be attached to each project, but with the option of overriding the price on a per usage basis) 2) Contacts - yes, you can add &gt;1 contact to an organisation, but there doesn&#039;t seem to be a global view of an organisation, with all its contacts, projects, etc. For example, in FB it was easy adding &gt; 1 contact to an invoice. Not sure this is possible with FA? 3) Time billing. In FB I was able to setup &quot;self&quot; project - projects that I did for my company - like attending a sales meeting, etc. I could then add non-billable time to this project, &amp; have the opportunity to later transfer this as billable time to a resulting project with a new/existing client. There doesn&#039;t seem to be an intuitive way to do this in FB. This means at the moment I can only see billable time on timesheets - I&#039;d like an easy overview of all staff time on billable &amp; non-billable work - is this possible in FA? Overall, I&#039;ve been impressed with FA &amp; have not regretted the migration from FB. Indeed, the one time I called support they got back promptly and were able to talk me through how to properly reconcile my bank statements to make sure balances were in sync. Having UK support staff was really great, especially having support available during my office hours. ",2014-02-20 10:40:51
5,"A great service really easy to use and setup, the bank feeds are great. Client login to view invoices and make payment online may be good and possible the ability to used your own domain by creating a cname. ",2014-02-20 10:35:30
4,"FreeAgent is a really well thought out system which is very easy to understand for non accounting people like me. The automatic bank feed from Barclays is fantastic but there are a lot of problems with the Lloyds one through Yodlee. The system of Invoice templates is a bit basic and doesn&#039;t easily allow creation of your own or to save multiple templates. Purchase orders for stock is a surprising omission too. Bugs on a couple of the bank feeds have been hanging around a long time unfixed which is disappointing. Undoubtedly the best part of FreeAgent is the support staff who are nothing short of excellent. Short, if not instant response times even at weekends mean you are never waiting long for advice and all the team are experienced accountants. This is the best support team I have ever come across anywhere, WELL DONE! :-)",2014-02-20 10:32:10
5,"So simple to use. Makes managing my business a pleasure instead of a chore. Always looking for excuses to log in. At all times I have a good handle on my financial position. Support is excellent, with real personable individuals who go above and beyond. The people at FreeAgent are rockstars!",2014-02-20 10:24:58
5,"The only aspects of FA that I feel could be improved as the time tracking reporting. It would be good to see better summaries of which clients / projects we&#039;ve worked on over the last day / week / month / year etc... Possibly add a native OSx app for time tracking. I use Slips but if my machine crashes I loose the time I had tracked. You could do something clever with local storage and auto-saving... Other than that it&#039;s ACE! Thanks, Rich",2014-02-20 10:24:35
5,Moved to FreeAgent after using quickbooks desktop for several years and I am really impressed with how automated a lot of the services are. ,2014-02-20 10:23:38
5,"Free Agent is excellent, very easy to use. The software is intelligent - helping you to make allocations. Only thing which I found confusing was having to call all staff who submit expenses &#039;Users&#039;. Tim Fuller",2014-02-20 10:22:19
5,"Running your own business especially one you&#039;ve grown from the ground up demands you to be an fluent not only in your specialism but also in supporting functions such as financial administration. Money is often very tight as is time and the luxury of employing a good quality book keeper or finance director is not always practical and so good finance software is a must. Over the years we tried a good number of money apps but they&#039;ve all suffered from failings from being difficult to use and understands, lacking in flexibility, or geared to get you buying into the next level at often silly prices. FreeAgent is not one of those. It&#039;s marvellously simply to use with lots of nice little features that help tie all the little transactions together that would normally take a number of ledger entries. It&#039;s tolerant of mistakes and best of all has brilliant support when you need it. It&#039;s actually made handling finance enjoyable - something I thought I would never hear myself saying. We&#039;ve only been using FreeAgent for a few short weeks but its already changed the way we work for the better, Our business looks more professional and our admin workload has dropped away. FreeAgent is ace. ",2014-02-20 10:17:21
4,"In general, very good. Would be 5-stars if you could group contacts into one company and export invoice list better.",2014-02-20 10:12:38
3,"Twelve months ago I would have said very good, but the standard of telephone support has really deteriorated. I have felt mislead and poorly treated. The software is excellent but I no longer trust those working on it.",2014-02-20 10:06:49
5,"I couldn&#039;t run my business without FreeAgent. The service means I can do my book keeping, estimates, invoices, time tracking and keep an eye on my bank accounts all from one place. I&#039;ve been using FreeAgent for five years now, and I&#039;ve never had any complaints. If I&#039;ve ever had a problem, their support has been lightning fast to respond. Even with accounting difficulties! Recently I got an accountant and she can log in to my FreeAgent with her own account and easily calculate my taxes and everything else for me. I&#039;m not usually someone who bothers writing reviews, but FreeAgent is so great that I have to shout about it!",2014-02-20 10:03:19
5,"Very impressed with FreeAgent. As an IT contractor, it matches my accounting needs perfectly.",2014-02-20 10:01:48
5,"I absolutely love Freeagent. The software is amazing and the support 2nd to none. I would like to see an option of making Purchase orders, that can then link through to an invoice. Keep up the top work. ",2014-02-14 11:30:15
5,"Very helpful and easy to use. Also very easy to track due invoices, incomes, etc. Automatic integration with my bank so I don&#039;t have to keep manually uploading my bank statements.",2014-02-14 09:38:40
4,Freeagent has made managing accounts not only efficient but actually enjoyable. ,2014-02-14 09:31:49
5,The product is great. ,2014-02-14 06:46:43
4,"It takes a bit of effort to learn how to keep your account sup to date, but ones you understand the system it is straight forward. Being able to upload transactions direct from my bank is a real benefit (it&#039;s a shame you I can&#039;t upload my commercial credit card statement in the same way) and saves considerable time. However, to monitor cash in hand accurately you need to download the information regularly. Other good features are the automatic calculation of VAT, the ability to give my accountant access to my information and the ability to automatically enter regular expenses. ",2014-02-13 18:10:29
5,"I was really anxious when I set up my limited company about the accounts. But FreeAgent has made it so easy! I also use the mobileApp daily for my time sheets, mileage and expenses which makes it simple to keep everything up to date. ",2014-02-13 17:46:13
4,I have used three systems and have found Free agent to be the best and most relevant for my requirements. Good help desk facility.,2014-02-13 15:39:37
5,"I&#039;ve used Freeagent as a sole trader, a limited company and currently for a 6-partner limited liability partnership. It just makes life so much easier; multi-currency invoicing is a doddle, bank transactions and paypal transactions are automatically pulled into your accounts for reconciliation and explanation, expenses and billing are all well thought-out and easy to use, and I don&#039;t have to spend hours every week doing bookkeeping. For me, the most important thing about Freeagent is that it means that our management team always have access to the latest P/L and Balance sheeet. There are no surprises, no paperwork and we can concentrate on our business. ",2014-02-13 12:42:07
5,Great site with good support. Isnt the cheapest product about but well worth the extra cost,2014-02-13 12:20:05
5,I have an accountant but use the services of Freeagent to keep my accounts in order and to allow both myself and my accountant quick access to my business figures. Support is by far the best I have come across thus far... and I am an IT Director!!,2014-02-13 11:12:56
5,I manage accounts for 3 separate companies. Since starting using FreeAgent the workload for this has dramatically reduced. The simplicity and usability of the software is exceptional and I have absolutely no hesitation in recommending it. One feature request I have is that I would like to be able to upload Purchase Orders and generate Purchase orders in the system. there are ways I can work around it to some degree but having first class support would be very helpful,2014-02-13 10:58:22
